역사명,노선명,lat,lng
청량리(서울시립대입구),1호선,37.580148,127.045063
제기동,1호선,37.578116,127.034902
신설동,1호선,37.576117,127.02471
동묘앞,1호선,37.573265,127.016459
동대문,1호선,37.571646,127.01069
종로5가,1호선,37.570971,127.0019
종로3가,1호선,37.570429,126.992095
종각,1호선,37.570203,126.983116
시청,1호선,37.565211,126.977207
서울역,1호선,37.55585,126.972103
시청,2호선,37.563534,126.975271
을지로입구,2호선,37.565998,126.982569
을지로3가,2호선,37.566292,126.990873
을지로4가,2호선,37.566611,126.997622
동대문역사문화공원(DDP),2호선,37.565609,127.009083
신당,2호선,37.565675,127.0194259
상왕십리,2호선,37.564444,127.029322
왕십리(성동구청),2호선,37.561289,127.0370615
한양대,2호선,37.555758,127.0436594
뚝섬,2호선,37.54718,127.047413
성수,2호선,37.544628,127.055983
건대입구,2호선,37.540408,127.069231
구의(광진구청),2호선,37.537157,127.0862124
강변(동서울터미널),2호선,37.535161,127.094684
잠실나루,2호선,37.520688,127.103836
잠실(송파구청),2호선,37.513305,127.100129
잠실새내,2호선,37.511653,127.086224
종합운동장,2호선,37.511128,127.073841
삼성(무역센터),2호선,37.508827,127.063203
선릉,2호선,37.504477,127.048974
역삼,2호선,37.500658,127.03643
강남,2호선,37.49805,127.02795
교대(법원·검찰청),2호선,37.493957,127.014431
서초,2호선,37.49191,127.007685
방배,2호선,37.481469,126.997627
사당,2호선,37.476536,126.981631
낙성대(강감찬),2호선,37.47713,126.963583
서울대입구(관악구청),2호선,37.481233,126.952745
봉천,2호선,37.482416,126.941696
신림,2호선,37.484216,126.929573
신대방,2호선,37.487604,126.913479
구로디지털단지,2호선,37.4852931,126.901456
대림(구로구청),2호선,37.4932826,126.8949793
신도림,2호선,37.508815,126.891222
문래,2호선,37.517993,126.894766
영등포구청,2호선,37.525766,126.896627
당산,2호선,37.534807,126.902611
합정,2호선,37.550025,126.914557
홍대입구,2호선,37.556748,126.923643
신촌(지하),2호선,37.555153,126.93689
이대,2호선,37.556734,126.945897
아현,2호선,37.557407,126.956079
충정로(경기대입구),2호선,37.559742,126.964455
용답,2호선,37.562066,127.0508786
신답,2호선,37.569847,127.047048
용두(동대문구청),2호선,37.574012,127.03811
신설동,2호선,37.574653,127.025158
도림천,2호선,37.5145589,126.882586
양천구청,2호선,37.5123294,126.865593
신정네거리,2호선,37.520218,126.852849
지축,3호선,37.648151,126.913751
구파발,3호선,37.636612,126.918827
연신내,3호선,37.619295,126.920959
불광,3호선,37.610154,126.930183
녹번,3호선,37.600882,126.935758
홍제,3호선,37.588851,126.944092
무악재,3호선,37.582658,126.950131
독립문,3호선,37.574534,126.957902
경복궁(정부서울청사),3호선,37.575844,126.973576
안국,3호선,37.576562,126.98547
종로3가,3호선,37.571537,126.991837
을지로3가,3호선,37.566299,126.992616
충무로,3호선,37.561382,126.994173
동대입구,3호선,37.55906,127.005273
약수,3호선,37.554554,127.010858
금호,3호선,37.548269,127.015785
옥수,3호선,37.541653,127.017303
압구정,3호선,37.526169,127.028502
신사,3호선,37.516438,127.020247
잠원,3호선,37.512989,127.011613
고속터미널,3호선,37.504953,127.004916
교대(법원·검찰청),3호선,37.49306,127.013796
남부터미널(예술의전당),3호선,37.48494,127.016289
양재(서초구청),3호선,37.48458,127.03423
매봉,3호선,37.487114,127.046907
도곡,3호선,37.491129,127.055694
대치,3호선,37.494601,127.063449
학여울,3호선,37.496787,127.0708601
대청,3호선,37.493607,127.079526
일원,3호선,37.48389,127.08416
수서,3호선,37.4875,127.101924
가락시장,3호선,37.492318,127.1177
경찰병원,3호선,37.495754,127.124198
오금,3호선,37.502288,127.128344
불암산,4호선,37.67009,127.079004
상계,4호선,37.660576,127.073199
노원,4호선,37.656274,127.063183
창동,4호선,37.653315,127.048304
쌍문,4호선,37.648274,127.034381
수유(강북구청),4호선,37.637727,127.025371
미아(서울사이버대학),4호선,37.626435,127.026151
미아사거리,4호선,37.613276,127.030083
길음,4호선,37.603387,127.025053
성신여대입구(돈암),4호선,37.592882,127.016908
한성대입구(삼선교),4호선,37.58838,127.005951
혜화,4호선,37.582116,127.001929
동대문,4호선,37.57099,127.00925
동대문역사문화공원(DDP),4호선,37.565141,127.007808
충무로,4호선,37.561352,126.994573
명동,4호선,37.560955,126.986271
회현(남대문시장),4호선,37.558698,126.978346
서울역,4호선,37.553172,126.972706
숙대입구(갈월),4호선,37.5447834,126.9721
삼각지(전쟁기념관),4호선,37.534457,126.972992
신용산,4호선,37.52919,126.96858
이촌(국립중앙박물관),4호선,37.52919,126.9679818
동작(현충원),4호선,37.503567,126.980171
총신대입구(이수),4호선,37.487521,126.982309
사당,4호선,37.476263,126.981636
남태령,4호선,37.464339,126.989081
방화,5호선,37.577669,126.812822
개화산,5호선,37.572458,126.806838
김포공항,5호선,37.56217,126.801273
송정,5호선,37.561201,126.812052
마곡,5호선,37.55865,126.837693
발산,5호선,37.562182,126.82693
우장산,5호선,37.548864,126.83633
화곡,5호선,37.541585,126.840436
까치산,5호선,37.53221,126.846466
신정(은행정),5호선,37.525001,126.856176
목동,5호선,37.526088,126.864296
오목교(목동운동장앞),5호선,37.524557,126.875049
양평,5호선,37.525614,126.886177
영등포구청,5호선,37.524209,126.895022
영등포시장,5호선,37.52276,126.905143
신길,5호선,37.51763,126.914886
여의도,5호선,37.521678,126.924318
여의나루,5호선,37.527045,126.932807
마포,5호선,37.539718,126.946043
공덕,5호선,37.544005,126.951058
애오개,5호선,37.553592,126.956733
충정로(경기대입구),5호선,37.560061,126.962783
서대문,5호선,37.565812,126.966639
광화문(세종문화회관),5호선,37.571645,126.976568
종로3가(탑골공원),5호선,37.572546,126.990447
을지로4가,5호선,37.56728,126.998127
동대문역사문화공원(DDP),5호선,37.564682,127.00533
청구,5호선,37.560237,127.01379
신금호,5호선,37.554504,127.020403
행당,5호선,37.557297,127.029482
왕십리(성동구청),5호선,37.56197,127.037264
마장,5호선,37.566066,127.042921
답십리,5호선,37.566833,127.05266
장한평,5호선,37.561438,127.064601
군자(능동),5호선,37.557102,127.079559
아차산(어린이대공원후문),5호선,37.552005,127.089609
광나루(장신대),5호선,37.545301,127.103478
천호(풍납토성),5호선,37.538566,127.123539
강동,5호선,37.53581,127.13249
길동,5호선,37.538022,127.140085
굽은다리(강동구민회관앞),5호선,37.545442,127.142844
명일,5호선,37.551317,127.144002
고덕,5호선,37.555002,127.154214
상일동,5호선,37.556714,127.166381
강일,5호선,37.557521,127.176018
미사,5호선,37.56309,127.192954
하남풍산,5호선,37.552201,127.203897
하남시청(덕풍∙신장),5호선,37.541723,127.206901
하남검단산,5호선,37.539729,127.223427
둔촌동,5호선,37.527787,127.136219
올림픽공원(한국체대),5호선,37.516217,127.130957
방이,5호선,37.508752,127.126054
오금,5호선,37.502228,127.127701
개롱,5호선,37.498097,127.134817
거여,5호선,37.493208,127.143983
마천,5호선,37.494972,127.152784
응암,6호선,37.59859,126.915583
역촌,6호선,37.60605,126.922764
불광,6호선,37.610919,126.929504
독바위,6호선,37.618413,126.933035
연신내,6호선,37.618483,126.920403
구산,6호선,37.611196,126.9172519
새절(신사),6호선,37.591148,126.913613
증산(명지대앞),6호선,37.583989,126.909785
디지털미디어시티,6호선,37.5760805,126.901343
월드컵경기장(성산),6호선,37.569439,126.899077
마포구청,6호선,37.563529,126.903356
망원,6호선,37.556031,126.910129
합정,6호선,37.549033,126.913546
상수,6호선,37.547704,126.92292
광흥창(서강),6호선,37.547464,126.931971
대흥(서강대앞),6호선,37.547732,126.942214
공덕,6호선,37.543592,126.951664
효창공원앞,6호선,37.539279,126.961348
삼각지(전쟁기념관),6호선,37.535563,126.973996
녹사평(용산구청),6호선,37.53469,126.98665
이태원,6호선,37.534485,126.994369
한강진,6호선,37.53956,127.001729
버티고개,6호선,37.547933,127.006948
약수,6호선,37.554087,127.010237
청구,6호선,37.560221,127.013776
신당,6호선,37.566174,127.016158
동묘앞,6호선,37.572275,127.015666
창신,6호선,37.579772,127.015246
보문,6호선,37.585293,127.019377
안암(고대병원앞),6호선,37.586261,127.02903
고려대(종암),6호선,37.59034,127.03626
월곡(동덕여대),6호선,37.60192,127.041492
상월곡(한국과학기술연구원),6호선,37.606392,127.048509
돌곶이,6호선,37.610522,127.056419
석계,6호선,37.614937,127.065922
태릉입구,6호선,37.617319,127.074741
화랑대(서울여대입구),6호선,37.619875,127.084106
봉화산(서울의료원),6호선,37.617429,127.0912326
신내,6호선,37.612571,127.104326
장암,7호선,37.70015,127.053126
도봉산,7호선,37.689131,127.046548
수락산,7호선,37.677804,127.055314
마들,7호선,37.664985,127.057701
노원,7호선,37.654478,127.060555
중계,7호선,37.645052,127.064084
하계,7호선,37.636363,127.067999
공릉(서울과학기술대),7호선,37.625642,127.072969
태릉입구,7호선,37.618519,127.075361
먹골,7호선,37.610638,127.077719
중화,7호선,37.602604,127.079254
상봉,7호선,37.595673,127.085708
면목,7호선,37.588671,127.087503
사가정,7호선,37.580912,127.088502
용마산(용마폭포공원),7호선,37.573752,127.086802
중곡,7호선,37.565877,127.084291
군자(능동),7호선,37.557151,127.079484
어린이대공원(세종대),7호선,37.547962,127.07465
건대입구,7호선,37.540882,127.071103
자양(뚝섬한강공원),7호선,37.531558,127.066714
청담,7호선,37.519097,127.051851
강남구청,7호선,37.517185,127.04122
학동,7호선,37.514262,127.031738
논현,7호선,37.511108,127.021385
반포,7호선,37.508171,127.011717
고속터미널,7호선,37.503387,127.005055
내방,7호선,37.48764,126.993541
총신대입구(이수),7호선,37.485258,126.981766
남성,7호선,37.484688,126.971108
숭실대입구(살피재),7호선,37.496258,126.953649
상도,7호선,37.50279,126.947949
장승배기,7호선,37.504845,126.939025
신대방삼거리,7호선,37.499717,126.928218
보라매,7호선,37.499916,126.920112
신풍,7호선,37.500107,126.909806
대림(구로구청),7호선,37.492984,126.896997
남구로,7호선,37.486181,126.887372
가산디지털단지,7호선,37.480376,126.882704
철산,7호선,37.47616,126.868217
광명사거리,7호선,37.47927,126.854854
천왕,7호선,37.486699,126.838684
온수(성공회대입구),7호선,37.492059,126.823294
암사역사공원,8호선,37.557167,127.137556
암사,8호선,37.550127,127.127521
천호(풍납토성),8호선,37.53792,127.123179
강동구청,8호선,37.530348,127.120461
몽촌토성(평화의문),8호선,37.517692,127.11274
잠실(송파구청),8호선,37.514649,127.104267
석촌,8호선,37.505396,127.106995
송파,8호선,37.49978,127.11212
가락시장,8호선,37.493004,127.118279
문정,8호선,37.485931,127.122473
장지,8호선,37.478609,127.126229
복정,8호선,37.471016,127.126746
남위례,8호선,37.462839,127.139047
산성,8호선,37.456886,127.149927
남한산성입구(성남법원·검찰청),8호선,37.451568,127.159845
단대오거리,8호선,37.445057,127.156735
신흥,8호선,37.440952,127.14759
수진,8호선,37.437575,127.140936
모란,8호선,37.433988,127.129921
판교역,경강선,37.394798,127.111135
이매역,경강선,37.394736,127.127048
삼동역,경강선,37.408731,127.203447
경기광주역,경강선,37.398974,127.253201
초월역,경강선,37.373389,127.299996
곤지암역,경강선,37.350525,127.346186
신둔도예촌역,경강선,37.315499,127.405251
이천역,경강선,37.264222,127.442135
부발역,경강선,37.260411,127.490303
세종대왕릉역,경강선,37.293636,127.570764
여주역,경강선,37.282881,127.628571
성남역,경강선,37.394709,127.11949
남영역,경부선,37.540597,126.971171
용산역,경부선,37.52989,126.964775
노량진역,경부선,37.514072,126.941671
대방역,경부선,37.513392,126.926407
영등포역,경부선,37.515756,126.907411
신도림역,경부선,37.508983,126.891513
신길역,경부선,37.517018,126.917743
구로역,경부선,37.503178,126.882037
가산디지털단지역,경부선,37.481568,126.882628
금천구청역,경부선,37.45576,126.894344
석수역,경부선,37.435161,126.902233
관악역,경부선,37.419578,126.908476
안양역,경부선,37.401929,126.922647
명학역,경부선,37.384435,126.935579
금정역,경부선,37.371957,126.943411
군포역,경부선,37.353732,126.948517
의왕역,경부선,37.320648,126.948099
성균관대역,경부선,37.300344,126.970861
화서역,경부선,37.28399,126.989581
수원역,경부선,37.266162,126.999821
독산역,경부선,37.465994,126.889508
세류역,경부선,37.244102,127.013772
병점역,경부선,37.206821,127.033268
세마역,경부선,37.187288,127.043279
오산대역,경부선,37.169401,127.063081
오산역,경부선,37.145472,127.066708
진위역,경부선,37.109771,127.062342
송탄역,경부선,37.075376,127.054397
서정리역,경부선,37.056459,127.052844
평택지제역,경부선,37.018822,127.070269
평택역,경부선,36.990559,127.085496
성환역,경부선,36.915781,127.127007
직산역,경부선,36.870921,127.143774
두정역,경부선,36.833791,127.148905
당정역,경부선,37.34338,126.948388
서동탄역,경부선,37.195675,127.051893
광명역,경부선,37.415995,126.884523
천안역,경부선,36.810238,127.146417
용산역,경원선,37.52989,126.964775
이촌역,경원선,37.522476,126.973816
서빙고역,경원선,37.51961,126.988358
한남역,경원선,37.529361,127.008984
옥수역,경원선,37.540514,127.018698
응봉역,경원선,37.550433,127.034824
왕십리역,경원선,37.561728,127.038405
청량리역,경원선,37.580543,127.048077
회기역,경원선,37.589602,127.057936
외대앞역,경원선,37.596157,127.063572
신이문역,경원선,37.601829,127.067347
석계역,경원선,37.615206,127.065594
광운대역,경원선,37.623635,127.061975
월계역,경원선,37.633114,127.058835
녹천역,경원선,37.644599,127.051406
창동역,경원선,37.653181,127.047663
방학역,경원선,37.667471,127.044295
도봉역,경원선,37.679441,127.045521
도봉산역,경원선,37.689603,127.046047
망월사역,경원선,37.710499,127.047361
회룡역,경원선,37.724037,127.047319
의정부역,경원선,37.73873,127.045891
가능역,경원선,37.748362,127.044251
녹양역,경원선,37.759416,127.042272
양주역,경원선,37.774281,127.044719
덕계역,경원선,37.818761,127.056676
덕정역,경원선,37.843216,127.061511
지행역,경원선,37.892361,127.055734
동두천중앙역,경원선,37.901818,127.056528
보산역,경원선,37.914268,127.057134
동두천역,경원선,37.927569,127.054825
소요산역,경원선,37.948608,127.061007
청산역,경원선,37.995138,127.074097
전곡역,경원선,38.024041,127.071913
연천역,경원선,38.100485,127.07368
청량리역,경의중앙선,37.580043,127.047588
회기역,경의중앙선,37.589802,127.057936
광운대역,경의중앙선,37.623635,127.061975
중랑역,경의중앙선,37.594948,127.076152
상봉역,경의중앙선,37.596754,127.085553
망우역,경의중앙선,37.599288,127.092318
양원역,경의중앙선,36.963729,129.091321
구리역,경의중앙선,37.60326,127.143373
도농역,경의중앙선,37.608756,127.161105
양정역,경의중앙선,37.604269,127.194602
덕소역,경의중앙선,37.586892,127.208835
도심역,경의중앙선,37.579628,127.222798
팔당역,경의중앙선,37.547321,127.243896
운길산역,경의중앙선,37.554659,127.310089
양수역,경의중앙선,37.545998,127.328948
신원역,경의중앙선,37.525921,127.372745
국수역,경의중앙선,37.516171,127.399402
아신역,경의중앙선,37.513954,127.443238
오빈역,경의중앙선,37.506061,127.474053
양평역,경의중앙선,37.492674,127.491858
원덕역,경의중앙선,37.468585,127.547468
용문역,경의중앙선,37.482085,127.594251
지평역,경의중앙선,37.476496,127.629681
서울역(경의선),경의중앙선,37.556713,126.971387
신촌역,경의중앙선,37.559768,126.942308
효창공원앞역,경의중앙선,37.538789,126.962339
공덕역,경의중앙선,37.542611,126.952134
서강대역,경의중앙선,37.552132,126.935389
홍대입구역,경의중앙선,37.55758,126.926833
가좌역,경의중앙선,37.568611,126.914841
디지털미디어시티역,경의중앙선,37.577964,126.900421
수색역,경의중앙선,37.580855,126.895681
한국항공대,경의중앙선,37.603102,126.868291
강매역,경의중앙선,37.612396,126.844537
행신역,경의중앙선,37.612125,126.834063
능곡역,경의중앙선,37.618741,126.820845
곡산역,경의중앙선,37.645729,126.801877
백마역,경의중앙선,37.658346,126.794401
풍산역,경의중앙선,37.672173,126.786355
일산역,경의중앙선,37.682231,126.769521
탄현역,경의중앙선,37.694114,126.761075
야당역,경의중앙선,37.712749,126.761535
운정역,경의중앙선,37.725441,126.767076
금릉역,경의중앙선,37.751295,126.765401
금촌역,경의중앙선,37.766106,126.774515
월롱역,경의중앙선,37.796201,126.792574
파주역,경의중앙선,37.815391,126.792426
문산역,경의중앙선,37.854565,126.787531
임진강역,경의중앙선,37.888364,126.746777
운천역,경의중앙선,37.880008,126.769713
대곡역,경의중앙선,37.631629,126.810225
개봉역,경인선,37.494698,126.858504
오류동역,경인선,37.4944,126.844551
역곡역,경인선,37.48514,126.811622
부천역,경인선,37.484066,126.782779
송내역,경인선,37.487626,126.753045
부평역,경인선,37.489457,126.724584
백운역,경인선,37.483301,126.707179
동암역,경인선,37.470835,126.703016
주안역,경인선,37.465041,126.680702
제물포역,경인선,37.466809,126.657165
동인천역,경인선,37.475414,126.632598
인천역,경인선,37.476364,126.616936
구일역,경인선,37.495973,126.869201
부개역,경인선,37.488479,126.740549
간석역,경인선,37.464689,126.693408
도원역,경인선,37.468604,126.642824
온수역,경인선,37.492267,126.823399
중동역,경인선,37.486664,126.764474
도화역,경인선,37.466154,126.66846
소사역,경인선,37.482755,126.795654
망우역,경춘선,37.599988,127.092031
신내역,경춘선,37.612855,127.103277
갈매역,경춘선,37.634135,127.114803
별내역,경춘선,37.642221,127.127208
퇴계원역,경춘선,37.648316,127.143858
사릉역,경춘선,37.651145,127.176839
금곡역,경춘선,37.637414,127.207931
평내호평역,경춘선,37.653229,127.244452
천마산역,경춘선,37.658995,127.285731
마석역,경춘선,37.652328,127.311713
대성리역,경춘선,37.683909,127.379165
청평역,경춘선,37.735484,127.426541
상천역,경춘선,37.770305,127.4542
가평역,경춘선,37.814515,127.510693
굴봉산역,경춘선,37.832086,127.557732
백양리역,경춘선,37.830881,127.589085
강촌역,경춘선,37.805728,127.634054
김유정역,경춘선,37.818475,127.714302
남춘천역,경춘선,37.864071,127.723761
춘천역,경춘선,37.884391,127.716603
녹동,광주도시철도 1호선,35.107028,126.933932
소태,광주도시철도 1호선,35.124108,126.932013
학동증심사입구,광주도시철도 1호선,35.133023,126.928382
남광주,광주도시철도 1호선,35.1389849,126.92318
문화전당(구도청),광주도시철도 1호선,35.14661,126.92005
금남로4가,광주도시철도 1호선,35.150976,126.914446
금남로5가,광주도시철도 1호선,35.153658,126.910033
양동시장,광주도시철도 1호선,35.154176,126.901089
돌고개,광주도시철도 1호선,35.152047,126.895637
농성,광주도시철도 1호선,35.153363,126.883973
화정,광주도시철도 1호선,35.152085,126.876698
쌍촌,광주도시철도 1호선,35.151793,126.869519
운천,광주도시철도 1호선,35.150486,126.858694
상무,광주도시철도 1호선,35.146784,126.848641
김대중컨벤션센터(마륵),광주도시철도 1호선,35.143214,126.841442
공항,광주도시철도 1호선,35.144179,126.81153
송정공원,광주도시철도 1호선,35.143565,126.799245
광주송정역,광주도시철도 1호선,35.137529,126.791488
도산,광주도시철도 1호선,35.131713,126.787942
평동,광주도시철도 1호선,35.1247,126.769586
양촌역,김포도시철도,37.641639,126.614694
구래역,김포도시철도,37.645354,126.6285
마산역,김포도시철도,37.640606,126.643944
장기역,김포도시철도,37.644028,126.669
운양역,김포도시철도,37.653861,126.683833
걸포북변역,김포도시철도,37.631639,126.70575
사우역,김포도시철도,37.620361,126.719722
풍무역,김포도시철도,37.612333,126.732583
고촌역,김포도시철도,37.60125,126.770361
김포공항역,김포도시철도,37.562309,126.801833
구미역,대경선,36.1282,128.331
사곡역,대경선,36.098508,128.356416
왜관역,대경선,35.991821,128.400391
서대구역,대경선,35.881734,128.540121
대구역,대경선,35.876,128.5961
동대구역,대경선,35.8791,128.628652
경산역,대경선,35.8192,128.7276
설화명곡,대구 도시철도 1호선,35.7986179,128.4893927
화원,대구 도시철도 1호선,35.804349,128.500409
대곡(정부대구청사),대구 도시철도 1호선,35.809571,128.51257
진천,대구 도시철도 1호선,35.813815,128.522374
월배,대구 도시철도 1호선,35.816123,128.530119
상인,대구 도시철도 1호선,35.8188583,128.5375588
월촌,대구 도시철도 1호선,35.823695,128.545465
송현,대구 도시철도 1호선,35.831092,128.551755
서부정류장(관문시장),대구 도시철도 1호선,35.8373375,128.5570702
대명,대구 도시철도 1호선,35.8392924,128.5652846
안지랑,대구 도시철도 1호선,35.8392,128.574
현충로,대구 도시철도 1호선,35.84072,128.58085
영대병원,대구 도시철도 1호선,35.8442516,128.5882407
교대,대구 도시철도 1호선,35.8510953,128.590643
명덕(2.28민주운동기념회관),대구 도시철도 1호선,35.857382,128.59088
반월당,대구 도시철도 1호선,35.86389,128.593312
중앙로,대구 도시철도 1호선,35.870873,128.593888
대구역,대구 도시철도 1호선,35.876379,128.596919
칠성시장,대구 도시철도 1호선,35.876159,128.604885
신천(경북대입구),대구 도시철도 1호선,35.874527,128.617244
동대구역,대구 도시철도 1호선,35.877626,128.627152
동구청(큰고개),대구 도시철도 1호선,35.884485,128.632295
아양교(대구국제공항입구),대구 도시철도 1호선,35.887208,128.639572
동촌(동촌유원지),대구 도시철도 1호선,35.886039,128.650455
해안,대구 도시철도 1호선,35.883765,128.659079
방촌,대구 도시철도 1호선,35.879929,128.669767
용계,대구 도시철도 1호선,35.876256,128.681414
율하,대구 도시철도 1호선,35.869751,128.692775
신기,대구 도시철도 1호선,35.866761,128.701724
반야월,대구 도시철도 1호선,35.865948,128.713663
각산,대구 도시철도 1호선,35.867852,128.723843
안심(혁신도시·첨복단지),대구 도시철도 1호선,35.8712,128.7338
대구한의대병원,대구 도시철도 1호선,35.8717089,128.7508237
부호(경일대·호산대),대구 도시철도 1호선,35.9002809,128.8031144
하양(대구가톨릭대),대구 도시철도 1호선,35.9094258,128.8175403
문양,대구 도시철도 2호선,35.86414313,128.4370043
다사,대구 도시철도 2호선,35.86495301,128.4582876
대실,대구 도시철도 2호선,35.8573333,128.4656264
강창,대구 도시철도 2호선,35.8531116,128.4789997
계명대,대구 도시철도 2호선,35.85146491,128.491969
성서산업단지,대구 도시철도 2호선,35.8518236,128.5071662
이곡,대구 도시철도 2호선,35.85062003,128.5157686
용산(서부법원․검찰청입구),대구 도시철도 2호선,35.84912,128.5287686
죽전,대구 도시철도 2호선,35.8503505,128.537089
감삼,대구 도시철도 2호선,35.8543251,128.547905
두류,대구 도시철도 2호선,35.8572405,128.555509
내당,대구 도시철도 2호선,35.860194,128.564593
반고개,대구 도시철도 2호선,35.8623,128.572817
청라언덕,대구 도시철도 2호선,35.865,128.5823227
반월당,대구 도시철도 2호선,35.865592,128.593334
경대병원,대구 도시철도 2호선,35.863102,128.60316
대구은행(대구교육청),대구 도시철도 2호선,35.859868,128.613975
범어,대구 도시철도 2호선,35.8591,128.6257
수성구청(KBS),대구 도시철도 2호선,35.85874022,128.6359517
만촌,대구 도시철도 2호선,35.858841,128.644951
담티(수성대·대륜),대구 도시철도 2호선,35.854841,128.654151
연호,대구 도시철도 2호선,35.8465,128.67185
수성알파시티(삼성라이온즈파크),대구 도시철도 2호선,35.842718,128.67999
고산,대구 도시철도 2호선,35.842955,128.69335
신매,대구 도시철도 2호선,35.8408,128.705
사월,대구 도시철도 2호선,35.837066,128.715173
정평,대구 도시철도 2호선,35.83407,128.728695
임당,대구 도시철도 2호선,35.834131,128.741076
영남대,대구 도시철도 2호선,35.836373,128.752966
칠곡경대병원,대구 도시철도 3호선,35.95838748,128.5598908
학정,대구 도시철도 3호선,35.95155512,128.5591934
팔거(국립농관원통계청),대구 도시철도 3호선,35.94404716,128.5583366
동천,대구 도시철도 3호선,35.93770658,128.556683
칠곡운암,대구 도시철도 3호선,35.93145534,128.5545305
구암(과학대보건대입구),대구 도시철도 3호선,35.92574223,128.5503415
태전,대구 도시철도 3호선,35.9196172,128.547388
매천,대구 도시철도 3호선,35.91265,128.5434
매천시장,대구 도시철도 3호선,35.90443,128.545755
팔달,대구 도시철도 3호선,35.89777,128.5468
공단,대구 도시철도 3호선,35.892,128.5536
만평,대구 도시철도 3호선,35.889893,128.561002
팔달시장,대구 도시철도 3호선,35.88883085,128.5678716
원대,대구 도시철도 3호선,35.887886,128.574392
북구청(DGB대구은행파크),대구 도시철도 3호선,35.88381395,128.5814483
달성공원,대구 도시철도 3호선,35.87573001,128.5821218
서문시장(동산병원),대구 도시철도 3호선,35.86966429,128.582241
청라언덕(신남),대구 도시철도 3호선,35.86419437,128.5823758
남산(계명네거리),대구 도시철도 3호선,35.85668979,128.5834576
명덕(2·28민주운동기념회관),대구 도시철도 3호선,35.85694518,128.5900469
건들바위,대구 도시철도 3호선,35.85538252,128.5996903
대봉교,대구 도시철도 3호선,35.85499783,128.6063685
수성시장,대구 도시철도 3호선,35.85431676,128.6160292
수성구민운동장,대구 도시철도 3호선,35.85240979,128.6251246
어린이세상,대구 도시철도 3호선,35.84516989,128.6244677
황금,대구 도시철도 3호선,35.83907838,128.6239185
수성못(TBC),대구 도시철도 3호선,35.83135605,128.6232167
지산,대구 도시철도 3호선,35.82515322,128.6319513
범물,대구 도시철도 3호선,35.82083917,128.6401127
용지,대구 도시철도 3호선,35.8182678,128.6465345
판암,대전 도시철도 1호선,36.316896,127.458264
신흥,대전 도시철도 1호선,36.319652,127.448792
대동,대전 도시철도 1호선,36.329532,127.442848
대전,대전 도시철도 1호선,36.331583,127.433118
중앙로,대전 도시철도 1호선,36.328664,127.425842
중구청,대전 도시철도 1호선,36.324831,127.419627
서대전네거리,대전 도시철도 1호선,36.322416,127.412518
오룡,대전 도시철도 1호선,36.328582,127.405046
용문,대전 도시철도 1호선,36.338252,127.393317
탄방,대전 도시철도 1호선,36.34544,127.384603
시청,대전 도시철도 1호선,36.351673,127.386739
정부청사,대전 도시철도 1호선,36.357661,127.381047
갈마,대전 도시철도 1호선,36.357522,127.372632
월평,대전 도시철도 1호선,36.358272,127.364382
갑천,대전 도시철도 1호선,36.354578,127.354467
유성온천,대전 도시철도 1호선,36.353689,127.341524
구암,대전 도시철도 1호선,36.356605,127.33083
현충원,대전 도시철도 1호선,36.359021,127.321525
월드컵경기장,대전 도시철도 1호선,36.366825,127.317859
노은,대전 도시철도 1호선,36.37415,127.317835
지족,대전 도시철도 1호선,36.384106,127.319501
반석,대전 도시철도 1호선,36.392128,127.314581
까치울,도시철도 7호선,37.506236,126.81095
부천종합운동장,도시철도 7호선,37.505381,126.79735
춘의,도시철도 7호선,37.50365,126.787069
신중동,도시철도 7호선,37.503081,126.776161
부천시청,도시철도 7호선,37.504611,126.763561
상동,도시철도 7호선,37.505769,126.753081
삼산체육관,도시철도 7호선,37.506431,126.742081
굴포천,도시철도 7호선,37.50695,126.731481
부평구청,도시철도 7호선,37.507523,126.721356
산곡,도시철도 7호선,37.508547,126.70351
석남(거북시장),도시철도 7호선,37.506208,126.676213
부전역,동해선,35.164668,129.06011
거제해맞이역,동해선,35.181197,129.069015
거제역,동해선,35.18958,129.074385
교대역,동해선,35.1938,129.07958
동래역,동해선,35.204714,129.0773502
안락역,동해선,35.196007,129.101062
재송역,동해선,35.188,129.120109
센텀역,동해선,35.1793,129.1245
벡스코역,동해선,35.1717,129.135958
신해운대역,동해선,35.181832,129.176696
송정역,동해선,35.187832,129.202069
오시리아역,동해선,35.196256,129.208291
기장역,동해선,35.244627,129.2188951
일광역,동해선,35.2675565,129.2330307
부산원동역,동해선,35.1938,129.113709
좌천역,동해선,35.311838,129.245197
월내역,동해선,35.328177,129.276626
서생역,동해선,35.346121,129.29304
남창역,동해선,35.419713,129.28223
망양역,동해선,35.456519,129.287856
덕하역,동해선,35.494007,129.303094
개운포역,동해선,35.507884,129.321097
태화강역,동해선,35.538669,129.353269
미남,부산 경량도시철도 4호선,35.20643,129.06868
동래,부산 경량도시철도 4호선,35.20466,129.07741
수안,부산 경량도시철도 4호선,35.20183,129.08378
낙민,부산 경량도시철도 4호선,35.20025,129.09078
충렬사,부산 경량도시철도 4호선,35.19986,129.09764
명장,부산 경량도시철도 4호선,35.20503,129.10161
서동,부산 경량도시철도 4호선,35.21331,129.10769
금사,부산 경량도시철도 4호선,35.21583,129.11517
반여농산물시장,부산 경량도시철도 4호선,35.21778,129.12397
석대,부산 경량도시철도 4호선,35.21825,129.13717
영산대,부산 경량도시철도 4호선,35.22578,129.14617
윗반송,부산 경량도시철도 4호선,35.2325,129.15403
고촌,부산 경량도시철도 4호선,35.23603,129.1605
안평,부산 경량도시철도 4호선,35.23733,129.17183
다대포해수욕장,부산 도시철도 1호선,35.048229,128.965919
다대포항,부산 도시철도 1호선,35.057288,128.971151
낫개,부산 도시철도 1호선,35.065179,128.979702
신장림,부산 도시철도 1호선,35.074222,128.976538
장림,부산 도시철도 1호선,35.081555,128.9773083
동매,부산 도시철도 1호선,35.089819,128.974029
신평,부산 도시철도 1호선,35.09556,128.96056
하단,부산 도시철도 1호선,35.10611,128.96667
당리,부산 도시철도 1호선,35.10333,128.97417
사하,부산 도시철도 1호선,35.09972,128.98333
괴정,부산 도시철도 1호선,35.1,128.9925
대티,부산 도시철도 1호선,35.10306,128.99972
서대신,부산 도시철도 1호선,35.11083,129.01194
동대신,부산 도시철도 1호선,35.11056,129.01757
토성,부산 도시철도 1호선,35.10083,129.01972
자갈치,부산 도시철도 1호선,35.0975,129.02694
남포,부산 도시철도 1호선,35.09778,129.03472
중앙,부산 도시철도 1호선,35.10389,129.03639
부산역,부산 도시철도 1호선,35.11528,129.03972
초량,부산 도시철도 1호선,35.12111,129.04296
부산진,부산 도시철도 1호선,35.12778,129.04778
좌천,부산 도시철도 1호선,35.13417,129.05417
범일,부산 도시철도 1호선,35.14139,129.05944
범내골,부산 도시철도 1호선,35.14722,129.05917
서면,부산 도시철도 1호선,35.15778,129.05917
부전,부산 도시철도 1호선,35.1625,129.06278
양정,부산 도시철도 1호선,35.17304,129.07119
시청,부산 도시철도 1호선,35.17972,129.07667
연산,부산 도시철도 1호선,35.18611,129.08167
교대,부산 도시철도 1호선,35.19583,129.08
동래,부산 도시철도 1호선,35.20556,129.078461
명륜,부산 도시철도 1호선,35.21222,129.07944
온천장,부산 도시철도 1호선,35.22056,129.08667
부산대,부산 도시철도 1호선,35.23,129.08944
장전,부산 도시철도 1호선,35.23806,129.08806
구서,부산 도시철도 1호선,35.24722,129.09139
두실,부산 도시철도 1호선,35.25694,129.09139
남산,부산 도시철도 1호선,35.26528,129.0925
범어사,부산 도시철도 1호선,35.27333,129.09268
노포,부산 도시철도 1호선,35.28361,129.095
장산,부산 도시철도 2호선,35.17,129.17694
중동,부산 도시철도 2호선,35.16669,129.16887
해운대,부산 도시철도 2호선,35.163518,129.158584
동백,부산 도시철도 2호선,35.16147,129.147887
벡스코,부산 도시철도 2호선,35.16911,129.138431
센텀시티,부산 도시철도 2호선,35.16892,129.131764
민락,부산 도시철도 2호선,35.16722,129.121878
수영,부산 도시철도 2호선,35.16578,129.114842
광안,부산 도시철도 2호선,35.15792,129.113197
금련산,부산 도시철도 2호선,35.14989,129.111008
남천,부산 도시철도 2호선,35.14217,129.10797
경성대·부경대,부산 도시철도 2호선,35.13757,129.10055
대연,부산 도시철도 2호선,35.13512,129.09218
못골,부산 도시철도 2호선,35.13472,129.08442
지게골,부산 도시철도 2호선,35.13558,129.07436
문현,부산 도시철도 2호선,35.13911,129.06736
국제금융센터·부산은행,부산 도시철도 2호선,35.14583,129.06672
전포,부산 도시철도 2호선,35.15311,129.06533
서면,부산 도시철도 2호선,35.15768,129.058517
부암,부산 도시철도 2호선,35.15744,129.05019
가야,부산 도시철도 2호선,35.15589,129.04283
동의대,부산 도시철도 2호선,35.15411,129.0325
개금,부산 도시철도 2호선,35.15325,129.02056
냉정,부산 도시철도 2호선,35.15125,129.01228
주례,부산 도시철도 2호선,35.1505,129.00306
감전,부산 도시철도 2호선,35.15553,128.99114
사상,부산 도시철도 2호선,35.16218,128.98467
덕포,부산 도시철도 2호선,35.17378,128.98394
모덕,부산 도시철도 2호선,35.18036,128.98561
모라,부산 도시철도 2호선,35.18967,128.98864
구남,부산 도시철도 2호선,35.19681,128.99492
구명,부산 도시철도 2호선,35.20253,128.99931
덕천,부산 도시철도 2호선,35.21011,129.00533
수정,부산 도시철도 2호선,35.22336,129.00922
화명,부산 도시철도 2호선,35.23585,129.01387
율리,부산 도시철도 2호선,35.24672,129.01292
동원,부산 도시철도 2호선,35.25864,129.01242
금곡,부산 도시철도 2호선,35.26733,129.01686
호포,부산 도시철도 2호선,35.281,129.017525
증산,부산 도시철도 2호선,35.30828,129.01028
부산대양산캠퍼스,부산 도시철도 2호선,35.31697,129.01383
남양산,부산 도시철도 2호선,35.32533,129.01942
양산,부산 도시철도 2호선,35.33851,129.02643
수영,부산 도시철도 3호선,35.16775,129.11458
망미,부산 도시철도 3호선,35.17153,129.10822
배산,부산 도시철도 3호선,35.1735,129.0955
물만골,부산 도시철도 3호선,35.17681,129.08575
연산,부산 도시철도 3호선,35.18614,129.08147
거제,부산 도시철도 3호선,35.18858,129.07394
종합운동장,부산 도시철도 3호선,35.19125,129.0675
사직,부산 도시철도 3호선,35.199,129.065
미남,부산 도시철도 3호선,35.2055,129.06806
만덕,부산 도시철도 3호선,35.213,129.0365
남산정,부산 도시철도 3호선,35.21333,129.02392
숙등,부산 도시철도 3호선,35.21197,129.01275
덕천,부산 도시철도 3호선,35.210139,129.005545
구포,부산 도시철도 3호선,35.20644,128.99631
강서구청,부산 도시철도 3호선,35.21125,128.98175
체육공원,부산 도시철도 3호선,35.21261,128.96894
대저,부산 도시철도 3호선,35.21343,128.96074
사상,부산김해경전철,35.1623018,128.9859408
괘법르네시떼,부산김해경전철,35.1632616,128.9776836
서부산유통지구,부산김해경전철,35.16640204,128.9548881
공항,부산김해경전철,35.171906,128.948586
덕두,부산김해경전철,35.182001,128.954198
등구,부산김해경전철,35.196143,128.963599
대저,부산김해경전철,35.213066,128.960562
평강,부산김해경전철,35.214105,128.950825
대사,부산김해경전철,35.217657,128.938417
불암,부산김해경전철,35.222162,128.927893
지내,부산김해경전철,35.2275,128.923721
김해대학,부산김해경전철,35.22899,128.915612
인제대,부산김해경전철,35.228099,128.901736
김해시청,부산김해경전철,35.227103,128.89041
부원,부산김해경전철,35.22646624,128.8838997
봉황,부산김해경전철,35.22726757,128.8743069
수로왕릉,부산김해경전철,35.2328215,128.8721409
박물관,부산김해경전철,35.24006467,128.8718628
연지공원,부산김해경전철,35.24965763,128.8692908
장신대,부산김해경전철,35.25955642,128.8671142
가야대,부산김해경전철,35.26672721,128.8650703
왕십리역,분당선,37.5610128,127.038705
선릉역,분당선,37.504479,127.048941
한티역,분당선,37.496208,127.052883
도곡역,분당선,37.490914,127.055393
구룡역,분당선,37.486985,127.059496
개포동역,분당선,37.489112,127.066027
대모산입구역,분당선,37.491347,127.072702
수서역,분당선,37.487633,127.101118
복정역,분당선,37.469753,127.126627
수원역(분당),분당선,37.266162,127.000082
서울숲역,분당선,37.543647,127.044686
압구정로데오역,분당선,37.527385,127.040555
강남구청역,분당선,37.516572,127.041575
선정릉역,분당선,37.510775,127.043717
가천대역,분당선,37.448784,127.126677
태평역,분당선,37.439842,127.127746
모란역,분당선,37.432124,127.129064
야탑역,분당선,37.41132,127.128661
서현역,분당선,37.384931,127.123249
수내역,분당선,37.378435,127.114216
정자역,분당선,37.366037,127.108091
미금역,분당선,37.350078,127.108952
오리역,분당선,37.339832,127.108985
이매역,분당선,37.395846,127.128272
보정역,분당선,37.31274,127.108219
죽전역,분당선,37.324575,127.107385
구성역,분당선,37.299013,127.105664
신갈역,분당선,37.286127,127.111311
기흥역,분당선,37.275657,127.115944
상갈역,분당선,37.261797,127.108718
청명역,분당선,37.259485,127.078945
영통역,분당선,37.251521,127.071341
망포역,분당선,37.245793,127.057367
매탄권선역,분당선,37.252458,127.040824
수원시청역,분당선,37.261941,127.030736
매교역,분당선,37.265502,127.015657
개화,서울 도시철도 9호선,37.578611,126.798333
김포공항,서울 도시철도 9호선,37.562056,126.801633
공항시장,서울 도시철도 9호선,37.563611,126.810278
신방화,서울 도시철도 9호선,37.5675,126.816667
마곡나루(서울식물원),서울 도시철도 9호선,37.566717,126.8276071
양천향교,서울 도시철도 9호선,37.568333,126.841389
가양,서울 도시철도 9호선,37.561111,126.855078
증미,서울 도시철도 9호선,37.55785,126.861067
등촌,서울 도시철도 9호선,37.551111,126.864722
염창,서울 도시철도 9호선,37.546944,126.874722
신목동,서울 도시철도 9호선,37.544167,126.883056
선유도,서울 도시철도 9호선,37.537778,126.893889
당산,서울 도시철도 9호선,37.533844,126.902222
국회의사당,서울 도시철도 9호선,37.528611,126.9175
여의도,서울 도시철도 9호선,37.521744,126.924167
샛강,서울 도시철도 9호선,37.5173,126.9284
노량진,서울 도시철도 9호선,37.513667,126.940917
노들,서울 도시철도 9호선,37.512726,126.953096
흑석(중앙대입구),서울 도시철도 9호선,37.508889,126.963611
동작(현충원),서울 도시철도 9호선,37.502878,126.978278
구반포,서울 도시철도 9호선,37.501389,126.987222
신반포,서울 도시철도 9호선,37.505933,127.004044
고속터미널,서울 도시철도 9호선,37.505933,127.004044
사평,서울 도시철도 9호선,37.504161,127.015219
신논현,서울 도시철도 9호선,37.504444,127.024417
능곡역,서해선,37.618741,126.820845
곡산역,서해선,37.645729,126.801877
백마역,서해선,37.658346,126.794401
풍산역,서해선,37.672173,126.786355
일산역,서해선,37.682231,126.769521
대곡역,서해선,37.631629,126.809802
김포공항역,서해선,37.5621179,126.804056
원종역,서해선,37.5240628,126.8048386
부천종합운동장역,서해선,37.505852,126.797498
소사역,서해선,37.482755,126.7950654
소새울역,서해선,37.4685046,126.797228
시흥대야역,서해선,37.4504787,126.793142
신천역,서해선,37.4391147,126.786835
신현역,서해선,37.4091399,126.78788
시흥시청역,서해선,37.3814109,126.805946
시흥능곡역,서해선,37.3699903,126.808594
달미역,서해선,37.3490003,126.809318
선부역,서해선,37.33459,126.81
초지역,서해선,37.320083,126.808051
시우역,서해선,37.3130967,126.795503
원시역,서해선,37.302654,126.7867897
언주,수도권  도시철도 9호선,37.507287,127.033868
선정릉,수도권  도시철도 9호선,37.51028,127.0437593
삼성중앙,수도권  도시철도 9호선,37.513011,127.053282
봉은사,수도권  도시철도 9호선,37.514219,127.060245
종합운동장,수도권  도시철도 9호선,37.511156,127.076917
삼전,수도권  도시철도 9호선,37.504531,127.087211
석촌고분,수도권  도시철도 9호선,37.502439,127.096611
석촌,수도권  도시철도 9호선,37.505078,127.106944
송파나루,수도권  도시철도 9호선,37.51055,127.112451
한성백제,수도권  도시철도 9호선,37.516369,127.116211
올림픽공원(한국체대),수도권  도시철도 9호선,37.516111,127.130333
둔촌오륜,수도권  도시철도 9호선,37.519339,127.138619
중앙보훈병원,수도권  도시철도 9호선,37.528807,127.148488
샛강,수도권 경량도시철도 신림선,37.51721994,126.929404
대방,수도권 경량도시철도 신림선,37.51284017,126.9253168
서울지방병무청,수도권 경량도시철도 신림선,37.50604687,126.9227834
보라매,수도권 경량도시철도 신림선,37.50031271,126.9204859
보라매공원,수도권 경량도시철도 신림선,37.49522541,126.9182588
보라매병원,수도권 경량도시철도 신림선,37.4929607,126.923886
당곡,수도권 경량도시철도 신림선,37.49003911,126.9275688
신림,수도권 경량도시철도 신림선,37.48489076,126.9296099
서원,수도권 경량도시철도 신림선,37.47827336,126.9332282
서울대벤처타운,수도권 경량도시철도 신림선,37.47204068,126.9339766
관악산,수도권 경량도시철도 신림선,37.46916896,126.9449548
별내역,수도권 광역철도 8호선,37.642517,127.1273
다산역,수도권 광역철도 8호선,37.62437,127.1498
한대앞역,수인선,37.309985,126.853506
중앙역,수인선,37.316055,126.838532
고잔역,수인선,37.316821,126.823094
초지역,수인선,37.320583,126.806151
안산역,수인선,37.327006,126.788748
능길역,수인선,37.337488,126.767306
정왕역,수인선,37.351816,126.742844
오이도역,수인선,37.361773,126.738437
고색역,수인선,37.249829,126.9805899
오목천역,수인선,37.243011,126.9636354
어천역,수인선,37.250076,126.908805
야목역,수인선,37.261211,126.884029
사리역,수인선,37.290809,126.857172
달월역,수인선,37.379993,126.745431
월곶역,수인선,37.39189,126.742741
소래포구역,수인선,37.400963,126.733533
인천논현역,수인선,37.400641,126.722495
호구포역,수인선,37.401622,126.708682
남동인더스파크역,수인선,37.407668,126.695613
원인재역,수인선,37.412921,126.686952
연수역,수인선,37.417769,126.678991
송도역,수인선,37.429714,126.654486
인하대역,수인선,37.448191,126.649832
숭의역,수인선,37.460891,126.638035
신포역,수인선,37.468442,126.624509
인천역,수인선,37.476364,126.6174236
신사,신분당선,37.51612526,127.0197609
논현,신분당선,37.5108115,127.0213658
신논현,신분당선,37.50405543,127.0247306
강남,신분당선,37.49738544,127.0278789
양재(서초구청),신분당선,37.48445352,127.0340995
양재시민의숲(매헌),신분당선,37.47096388,127.0384203
청계산입구,신분당선,37.44871485,127.0543396
판교,신분당선,37.39501475,127.1112107
정자,신분당선,37.36750101,127.1084859
미금,신분당선,37.35058332,127.1088028
동천,신분당선,37.33806841,127.1028937
수지구청,신분당선,37.32250096,127.0947781
성복,신분당선,37.31374251,127.0805758
상현,신분당선,37.29808526,127.0694799
광교중앙(아주대),신분당선,37.2884537,127.051609
광교(경기대),신분당선,37.30173474,127.0448561
선바위역,안산과천선,37.451854,127.002164
경마공원역,안산과천선,37.443987,127.007899
대공원역,안산과천선,37.435724,127.006474
과천역,안산과천선,37.432805,126.996404
정부과천청사역,안산과천선,37.426445,126.989802
인덕원역,안산과천선,37.401901,126.976718
평촌역,안산과천선,37.394346,126.963881
범계역,안산과천선,37.389783,126.950752
금정역,안산과천선,37.371957,126.943611
산본역,안산과천선,37.358019,126.932969
대야미역,안산과천선,37.328304,126.917161
반월역,안산과천선,37.312244,126.903684
상록수역,안산과천선,37.302845,126.866533
한대앞역,안산과천선,37.309685,126.853656
중앙역,안산과천선,37.316055,126.838532
고잔역,안산과천선,37.316821,126.823094
초지역,안산과천선,37.320583,126.806151
안산역,안산과천선,37.327006,126.788748
능길역,안산과천선,37.337488,126.767306
정왕역,안산과천선,37.351816,126.742844
오이도역,안산과천선,37.361773,126.738437
수리산역,안산과천선,37.350297,126.925537
기흥(백남준아트센터),에버라인,37.27545288,127.1170465
강남대,에버라인,37.27017073,127.1260669
지석,에버라인,37.26973732,127.1363256
어정,에버라인,37.27495132,127.1437499
동백(용인세브란스),에버라인,37.26910138,127.1526906
초당,에버라인,37.26080647,127.1594692
삼가,에버라인,37.24205993,127.16818
시청·용인대,에버라인,37.23944203,127.1788851
명지대,에버라인,37.23807629,127.1902913
김량장,에버라인,37.23732377,127.1986109
용인중앙시장(용인예술과학대),에버라인,37.2379113,127.2090526
고진,에버라인,37.24463834,127.2141836
보평,에버라인,37.25896427,127.2184808
둔전,에버라인,37.26721222,127.2136387
전대·에버랜드,에버라인,37.28541327,127.219509
북한산우이,우이신설선,37.66284,127.01272
솔밭공원,우이신설선,37.65607,127.01326
4.19민주묘지,우이신설선,37.64954,127.01371
가오리,우이신설선,37.64162,127.01681
화계,우이신설선,37.63428,127.0175
삼양,우이신설선,37.62706,127.01817
삼양사거리,우이신설선,37.62144,127.02049
솔샘,우이신설선,37.62037,127.01357
북한산보국문,우이신설선,37.61233,127.00816
정릉,우이신설선,37.60278,127.01345
성신여대입구,우이신설선,37.59247,127.01656
보문,우이신설선,37.58551,127.01939
신설동,우이신설선,37.57659,127.023221
발곡,의정부,37.726983,127.052889
회룡,의정부,37.72505255,127.0467864
범골,의정부,37.7287279,127.0437202
경전철의정부,의정부,37.73729974,127.043321
의정부시청,의정부,37.73924874,127.034854
흥선,의정부,37.74322487,127.0371765
의정부중앙,의정부,37.74371903,127.0496332
동오,의정부,37.74519123,127.05703
새말,의정부,37.74889941,127.063869
경기도청북부청사,의정부,37.75073213,127.0714795
효자,의정부,37.75398452,127.0773155
곤제,의정부,37.75054343,127.0838651
어룡,의정부,37.74272184,127.0852045
송산,의정부,37.7371698,127.0872755
탑석,의정부,37.73355362,127.0889064
서울,인천국제공항선,37.55301784,126.9697643
공덕,인천국제공항선,37.54284055,126.9513301
홍대입구,인천국제공항선,37.55774103,126.9264939
디지털미디어시티,인천국제공항선,37.577355,126.898025
마곡나루,인천국제공항선,37.56581914,126.8276358
김포공항,인천국제공항선,37.56211652,126.8015442
계양,인천국제공항선,37.57160721,126.736023
검암,인천국제공항선,37.56915547,126.6735357
청라국제도시,인천국제공항선,37.556509,126.624725
영종,인천국제공항선,37.51209814,126.5242471
운서,인천국제공항선,37.49284463,126.4936619
공항화물청사,인천국제공항선,37.45902611,126.4774333
인천공항1터미널,인천국제공항선,37.44760672,126.4523433
인천공항2터미널,인천국제공항선,37.46866,126.433415
검단호수공원,인천지하철 1호선,37.6025,126.688056
신검단중앙,인천지하철 1호선,37.6026,126.698611
"아라(북부법원, 검찰청)",인천지하철 1호선,37.592222,126.713333
계양,인천지하철 1호선,37.571539,126.736319
귤현,인천지하철 1호선,37.566362,126.742498
박촌,인천지하철 1호선,37.553525,126.744946
임학,인천지하철 1호선,37.545058,126.738642
계산,인천지하철 1호선,37.543243,126.728436
경인교대입구,인천지하철 1호선,37.538272,126.722603
작전,인천지하철 1호선,37.530271,126.722548
갈산,인천지하철 1호선,37.517124,126.721566
부평구청,인천지하철 1호선,37.508768,126.720547
부평시장,인천지하철 1호선,37.498495,126.722282
부평,인천지하철 1호선,37.490541,126.723437
동수,인천지하철 1호선,37.485409,126.718464
부평삼거리,인천지하철 1호선,37.478267,126.710494
간석오거리,인천지하철 1호선,37.466921,126.707861
인천시청,인천지하철 1호선,37.457615,126.702216
예술회관,인천지하철 1호선,37.449334,126.700991
인천터미널,인천지하철 1호선,37.441917,126.699727
문학경기장,인천지하철 1호선,37.434964,126.698373
선학,인천지하철 1호선,37.426985,126.698872
신연수,인천지하철 1호선,37.418032,126.693853
원인재,인천지하철 1호선,37.412364,126.687893
동춘,인천지하철 1호선,37.404676,126.680835
동막,인천지하철 1호선,37.398173,126.673561
캠퍼스타운,인천지하철 1호선,37.388209,126.661985
테크노파크,인천지하철 1호선,37.382311,126.656355
지식정보단지,인천지하철 1호선,37.378021,126.645412
인천대입구,인천지하철 1호선,37.386239,126.639351
센트럴파크,인천지하철 1호선,37.392833,126.635002
국제업무지구,인천지하철 1호선,37.400464,126.630094
송도달빛축제공원,인천지하철 1호선,37.40687495,126.6260537
검단오류,인천지하철 2호선,37.5950162,126.62801
왕길,인천지하철 2호선,37.5950191,126.642284
검단사거리,인천지하철 2호선,37.601693,126.656545
마전,인천지하철 2호선,37.597756,126.667195
완정,인천지하철 2호선,37.592867,126.672961
독정,인천지하철 2호선,37.584927,126.675981
검암,인천지하철 2호선,37.568611,126.675682
검바위,인천지하철 2호선,37.561091,126.677529
아시아드경기장,인천지하철 2호선,37.551373,126.677075
서구청,인천지하철 2호선,37.543839,126.676795
가정(루원시티),인천지하철 2호선,37.524805,126.675387
가정중앙시장,인천지하철 2호선,37.517511,126.676784
석남(거북시장),인천지하철 2호선,37.507211,126.676304
서부여성회관,인천지하철 2호선,37.500298,126.675875
인천가좌,인천지하철 2호선,37.489962,126.675284
가재울,인천지하철 2호선,37.484152,126.683883
주안국가산단,인천지하철 2호선,37.473599,126.681102
주안,인천지하철 2호선,37.465234,126.679041
시민공원,인천지하철 2호선,37.458339,126.6810091
석바위시장,인천지하철 2호선,37.457659,126.692387
인천시청,인천지하철 2호선,37.456904,126.701523
석천사거리,인천지하철 2호선,37.4569323,126.710383
모래내시장,인천지하철 2호선,37.455842,126.719578
만수,인천지하철 2호선,37.454962,126.731764
남동구청,인천지하철 2호선,37.448179,126.736581
인천대공원,인천지하철 2호선,37.448475,126.753051
운연,인천지하철 2호선,37.439533,126.759609
원흥역,일산선,37.650709,126.873239
지축역,일산선,37.648114,126.913746
삼송역,일산선,37.653096,126.895559
원당역,일산선,37.653103,126.842891
화정역,일산선,37.634708,126.832503
대곡역,일산선,37.631629,126.811025
백석역,일산선,37.642973,126.788109
마두역,일산선,37.652185,126.777641
정발산역,일산선,37.659709,126.773254
주엽역,일산선,37.670138,126.761232
대화역,일산선,37.675883,126.747756
인천국제공항역,자기부상철도,37.447222,126.4525
장기주차장역,자기부상철도,37.44385,126.455671
합동청사역,자기부상철도,37.440519,126.458654
파라다이스시티역,자기부상철도,37.437217,126.459858
워터파크역,자기부상철도,37.429227,126.434183
용유역,자기부상철도,37.424805,126.423637
봉명역,장항선,36.801578,127.136319
쌍용(나사렛대)역,장항선,36.793745,127.121363
아산역,장항선,36.792195,127.104384
탕정역,장항선,36.788272,127.084446
배방역,장항선,36.777541,127.052751
온양온천역,장항선,36.780419,127.003707
신창(순천향대)역,장항선,36.769213,126.950129
진접역,진접선,37.720472,127.203167
오남역,진접선,37.7054056,127.191644
별내별가람역,진접선,37.667833,127.116167
